distance;duration;path
160.64938606730001;0.00799036399985198;[2, 1, 8, 9, 4, 3, 5, 6, 7, 0]
