distance;duration;path
254.55786899287;0.029391617001238046;[11, 4, 8, 15, 1, 19, 2, 0, 7, 6, 5, 13, 17, 12, 18, 3, 16, 14, 9, 10]
