distance;duration;path
256.4957728487986;0.029687416999877314;[6, 5, 0, 10, 4, 11, 16, 3, 17, 13, 12, 18, 14, 9, 8, 15, 1, 19, 2, 7]
