distance;duration;path
160.64938606730001;0.007763343999613426;[5, 6, 7, 0, 2, 1, 8, 9, 4, 3]
