distance;duration;path
160.6493860673;0.0039597170007255045;[3, 4, 9, 8, 1, 2, 0, 7, 6, 5]
