distance;duration;path
160.6493860673;0.008915475999856426;[4, 3, 5, 6, 7, 0, 2, 1, 8, 9]
