distance;duration;path
160.6493860673;0.008103664999907778;[4, 3, 5, 6, 7, 0, 2, 1, 8, 9]
