distance;duration;path
182.50334700951825;0.005664971000442165;[8, 3, 2, 1, 9, 5, 10, 4, 6, 7]
