distance;duration;path
258.51292355150156;0.02931166600137658;[1, 10, 11, 4, 9, 14, 16, 3, 18, 12, 17, 13, 5, 6, 7, 0, 2, 19, 15, 8]
