distance;duration;path
427.63702092444737;0.009835598999416106;[1, 3, 5, 20, 2, 7, 9, 10, 15, 12, 17, 14, 4, 19, 18, 13, 6, 11, 16, 8]
