distance;duration;path
160.64938606730001;0.007952924999699462;[2, 1, 8, 9, 4, 3, 5, 6, 7, 0]
