distance;duration;path
160.6493860673;0.009775577999789675;[4, 3, 5, 6, 7, 0, 2, 1, 8, 9]
