distance;duration;path
255.93365485650546;0.029657696999493055;[14, 9, 8, 15, 1, 19, 2, 7, 6, 0, 10, 4, 11, 5, 13, 17, 12, 18, 3, 16]
