distance;duration;path
160.64938606730001;0.007843204999517184;[5, 6, 7, 0, 2, 1, 8, 9, 4, 3]
