distance;duration;path
160.64938606730001;0.008712085999832198;[2, 1, 8, 9, 4, 3, 5, 6, 7, 0]
